"1000.185","1000.912","1000.993","1004.165","1003.491","994.475","997.452","1001.334","1003.624","997.471","998.977","1003.887"
"997.27","998.84","998.569","997.241","1003.37","1003.424","994.845","995.037","1000.82","998.157","999.36","1001.529"
"1001.105","994.916","997.621","997.218","999.108","999.64","998.54","1000.038","1000.405","992.359","1003.185","1001.029"
"0.0","0.0","0.0","0.0","0.0","0.0","0.0","0.0","0.0","0.0","0.0","0.0"
"997.976","997.155","997.148","1002.599","993.885","997.72","996.696","993.033","1002.485","1003.212","1001.392","1001.895"
"995.198","999.759","994.958","1007.596","999.017","1000.84","1001.008","1003.63","995.912","997.137","1000.479","1002.639"
"0.0","0.0","0.0","0.0","0.0","0.0","0.0","0.0","0.0","0.0","0.0","0.0"
"1006.627","1002.899","997.343","1003.984","1002.449","1002.798","999.877","1004.646","1001.312","1001.113","996.72","1003.908"
"1002.075","1002.039","998.531","999.712","1000.178","999.896","1003.325","994.317","995.328","1000.131","1001.29","1000.981"
"0.0","0.0","0.0","0.0","0.0","0.0","0.0","0.0","0.0","0.0","0.0","0.0"
"1002.466","1001.294","998.612","1000.959","998.152","1001.572","998.051","996.704","1001.838","1002.211","1004.024","1002.283"
"999.998","1001.721","997.848","994.633","996.103","996.034","997.929","996.342","999.114","997.135","995.047","994.211"
"997.725","997.115","1003.298","1000.707","997.792","1000.536","998.752","998.651","1003.343","994.115","998.361","1005.131"
"1004.004","1004.069","1001.112","996.41","1003.382","999.707","994.348","999.16","998.625","995.567","1001.517","995.544"
"1002.866","1005.348","997.661","1000.679","993.33","998.388","996.152","1000.796","997.53","999.694","997.755","999.71"
"997.439","1002.107","1005.321","1002.238","1000.861","998.036","1001.789","1000.213","1000.548","1000.982","1003.817","1001.54"
"0.0","0.0","0.0","0.0","0.0","0.0","0.0","0.0","0.0","0.0","0.0","0.0"
"995.903","1002.994","996.559","998.311","1001.878","1003.106","1004.344","997.641","1004.007","998.913","995.757","1000.843"
"995.769","995.904","996.423","992.908","998.12","1001.401","1000.348","993.398","1001.582","995.442","998.848","1000.97"
"0.0","0.0","0.0","0.0","0.0","0.0","0.0","0.0","0.0","0.0","0.0","0.0"
"1008.059","1003.078","1000.475","1001.768","1001.128","1002.052","1001.197","999.168","996.19","1006.311","998.783","997.183"
"1001.199","999.014","1004.708","1004.057","996.043","1002.892","999.66","1001.163","1003.83","1003.744","1004.067","1001.225"
"991.432","998.923","1000.664","1002.011","997.231","1002.465","999.863","998.233","1002.652","1000.077","998.814","1004.061"
"1000.816","996.079","999.291","997.286","997.937","1002.875","998.704","997.253","1005.803","1002.014","1002.083","1001.547"
"1003.425","1002.86","995.695","1001.18","1005.0","1001.92","1003.174","1003.117","1002.36","1000.214","1002.008","998.287"
"1003.013","996.241","1001.185","993.532","1002.623","997.834","995.405","1001.857","994.34","999.756","1003.891","999.359"
"996.622","1003.834","1000.326","995.823","997.711","997.614","1000.357","994.712","1000.889","999.546","995.942","1000.456"
"997.154","992.686","999.841","998.769","996.647","1004.981","1004.006","996.606","999.504","991.173","1005.572","1002.757"
"995.899","998.479","1000.187","1000.411","1000.062","1004.962","997.705","1001.21","996.06","1002.353","1002.7","1001.385"
"1001.797","1001.101","1000.584","1001.229","1005.159","995.711","999.729","1001.018","1005.109","995.923","999.595","999.5"
"1004.371","1003.817","1001.132","1003.61","1002.544","1000.552","1001.228","1003.548","1002.433","998.339","994.935","1002.107"
"1001.074","998.613","1004.797","998.821","999.457","1000.07","999.449","997.871","1000.127","1002.291","997.705","1004.446"
"990.822","996.155","1004.021","1003.66","998.01","1001.311","999.582","999.61","997.861","999.982","1004.346","998.104"
"0.0","0.0","0.0","0.0","0.0","0.0","0.0","0.0","0.0","0.0","0.0","0.0"
"999.109","997.129","1001.346","1006.932","996.342","1003.577","999.508","994.314","999.825","1000.858","998.335","995.723"
"999.722","1001.322","999.328","998.097","1000.687","999.951","994.293","1004.628","998.633","994.628","1001.779","999.521"
"999.289","998.684","997.052","1003.974","1003.188","996.658","1000.551","999.777","998.616","1002.658","1006.308","997.242"
"996.223","997.742","1000.241","996.612","1000.897","992.478","1000.111","995.103","999.159","998.401","1002.517","997.408"
"1000.024","1002.688","998.807","1001.977","998.669","1001.748","997.542","1002.632","993.386","1003.506","1004.755","1003.006"
"1003.568","994.611","998.193","1002.076","996.316","1002.209","1001.032","1000.836","1000.82","996.183","998.938","1000.931"
"1002.837","999.199","1001.64","999.774","1005.042","994.787","997.63","1002.55","998.419","999.47","1001.882","1002.781"
"0.0","0.0","0.0","0.0","0.0","0.0","0.0","0.0","0.0","0.0","0.0","0.0"
"997.073","998.263","1002.025","1002.008","1000.577","997.749","1002.026","1001.865","996.396","998.796","1002.265","1005.692"
"998.561","997.204","997.565","1001.533","1003.191","1000.456","998.305","1000.152","998.44","993.795","997.338","1000.603"
"999.324","1003.216","998.612","998.745","1000.998","998.018","1002.53","1004.001","998.439","999.415","999.322","998.653"
"994.7","1001.963","1000.922","1002.799","998.064","1002.814","997.521","996.875","1003.543","998.553","998.437","997.337"
"999.624","1002.571","994.887","1001.354","998.039","1001.479","1002.645","1002.693","998.55","1001.116","1001.492","995.327"
"1000.878","1001.192","1001.276","1000.031","998.338","996.738","1002.485","999.702","995.008","1000.994","1002.178","1002.207"
"1001.127","994.574","999.147","1000.233","1007.57","999.579","1001.477","996.144","1005.393","1000.594","998.951","992.254"
"997.754","1004.538","996.723","998.424","999.138","1004.739","1001.242","1004.749","1001.784","1007.631","1000.083","999.256"
"1002.786","1004.867","999.272","999.545","1000.587","1000.637","996.988","998.27","1005.792","1000.914","1002.253","998.856"
"996.673","1001.16","994.92","995.276","998.216","1000.585","997.143","999.41","1003.136","1003.96","1001.512","992.885"
"0.0","0.0","0.0","0.0","0.0","0.0","0.0","0.0","0.0","0.0","0.0","0.0"
"1000.266","997.016","997.032","998.436","999.795","993.784","1004.481","1003.369","1001.717","997.367","999.915","997.536"
"996.732","1003.673","1002.849","993.812","996.236","1001.675","1003.231","993.003","995.825","1005.938","1000.223","992.3"
"999.4","1005.118","1003.432","997.224","999.991","998.986","997.333","1000.336","1000.102","993.308","1003.412","1000.349"
"997.23","1002.041","1000.786","998.223","1004.004","1000.809","999.907","998.72","998.818","999.347","996.252","998.494"
"998.035","995.303","1000.855","999.971","999.72","999.785","999.575","992.207","1001.392","1008.603","1001.81","996.106"
"997.345","1006.963","1000.249","1000.908","1005.329","998.285","1002.6","1003.976","992.585","1005.477","1001.297","998.766"
"1003.057","998.071","994.245","1000.965","1004.393","1000.459","995.963","1006.733","1000.433","1004.409","999.6","995.956"
"995.972","1000.252","1001.992","1001.578","1000.041","999.243","996.906","996.659","1001.692","997.905","1001.59","997.22"
"1001.327","1001.506","1000.686","996.506","1000.977","1003.748","997.898","999.548","1002.376","997.326","1004.505","1001.212"
"1000.039","997.233","996.872","999.609","1004.887","996.181","1000.784","995.866","1004.305","999.481","999.495","997.689"
"1004.433","1000.056","1003.559","1001.567","1001.187","997.082","993.736","1003.601","994.781","998.103","996.16","1000.118"
"997.345","1000.548","999.932","1000.062","998.915","1002.196","993.5","1000.597","1002.322","1003.594","1002.768","999.336"
"1002.606","999.43","1005.483","997.159","996.574","996.967","1001.682","1006.089","1000.068","1002.173","1004.916","996.551"
"1004.683","1001.28","1001.132","999.433","998.886","1001.322","1002.594","999.966","1003.265","1003.019","1002.098","1002.815"
"996.313","1000.451","1000.9","1004.326","1003.508","998.312","1003.729","1003.42","995.35","1000.338","991.67","997.488"
"1002.823","1001.499","1004.992","1004.342","1002.518","1001.822","998.943","1001.106","996.736","997.043","1001.019","999.196"
"996.67","996.968","1000.86","999.06","1000.957","995.364","994.982","1005.703","990.629","1002.053","1001.685","997.755"
"998.641","999.095","999.497","1002.521","994.832","1001.787","997.04","1001.468","1001.922","1002.327","1002.038","1001.447"
"999.468","999.569","1000.095","995.167","1002.326","997.919","998.989","1001.388","996.592","1004.711","1007.213","1003.171"
"1000.347","1000.508","1004.57","999.928","999.938","1004.668","996.875","1000.06","1002.048","989.378","1002.323","1003.147"
"1000.428","994.816","995.041","998.979","999.584","1002.394","998.891","1001.264","995.88","998.952","995.965","1000.976"
"1002.054","996.19","1003.789","999.305","1003.142","1001.718","998.915","997.93","1005.38","1001.027","1000.135","999.277"
"0.0","0.0","0.0","0.0","0.0","0.0","0.0","0.0","0.0","0.0","0.0","0.0"
"999.529","995.325","1003.067","1004.484","994.782","993.786","1001.966","995.853","1001.758","998.677","1000.188","1004.665"
"998.601","1001.027","998.213","1001.079","1005.719","1001.349","996.604","1000.164","1001.326","998.36","1005.139","1005.261"
"1005.104","996.837","1000.932","1001.218","1005.057","1000.81","998.525","994.872","997.463","995.624","1005.168","1001.866"
"1000.936","997.082","1001.43","999.479","1004.572","1001.759","1000.009","1001.171","1001.286","999.027","996.792","998.181"
"999.968","998.074","1004.522","998.425","999.934","995.13","995.682","997.386","1000.305","1001.402","1000.682","1001.52"
"998.189","1002.201","998.966","1002.181","1001.063","1010.257","999.961","996.53","1000.397","1001.124","999.926","993.561"
"1003.629","1002.888","996.217","996.191","1004.213","1002.381","1002.348","998.852","1007.122","999.33","995.097","1003.691"
"998.465","1003.445","997.891","999.899","1001.137","1002.046","999.953","1002.766","999.023","998.209","996.224","1004.268"
"1005.331","991.814","1004.126","1003.493","1003.525","998.293","1001.707","1001.541","1002.558","996.984","1003.347","996.335"
"996.527","996.644","998.857","996.299","1000.42","996.348","995.183","998.109","1000.332","999.597","999.697","1000.547"
"0.0","0.0","0.0","0.0","0.0","0.0","0.0","0.0","0.0","0.0","0.0","0.0"
"997.553","999.221","998.791","1005.07","999.171","1002.521","1000.689","998.472","999.316","999.663","1005.765","996.093"
"1000.469","998.442","995.309","996.929","998.804","993.745","1003.954","996.242","1001.277","998.317","997.057","999.929"
"996.666","1002.442","998.32","996.923","994.24","998.945","993.185","999.026","1002.75","992.568","999.733","999.443"
"1000.989","997.488","1005.714","994.084","1001.303","1000.145","999.226","1003.953","1005.067","1002.351","997.699","995.89"
"1001.14","999.98","999.595","1000.843","995.334","999.265","998.566","996.965","999.618","1006.747","1002.414","1001.123"
"1003.93","998.24","998.83","1002.776","1001.808","997.034","1003.933","1002.574","1004.463","996.854","999.787","994.758"
"999.339","998.109","1001.342","1002.038","998.178","1001.392","1002.023","1003.5","997.238","1001.643","1004.697","1000.205"
"1004.319","994.502","998.808","999.768","1002.046","1005.531","1001.304","1003.835","995.778","1001.01","1008.62","1002.395"
"1001.952","997.616","993.606","1002.601","997.991","1001.197","999.545","999.823","1001.517","1000.245","995.633","998.417"
"995.605","1001.624","997.494","994.957","998.296","1001.679","999.491","999.111","997.617","996.242","994.994","999.266"
"998.749","1002.652","994.761","998.548","999.571","1000.749","995.893","1005.854","1000.894","1002.822","999.613","997.173"
"1003.067","998.598","1002.395","999.666","1000.586","1000.225","999.243","1002.732","1000.811","998.837","1001.181","996.315"
"1005.014","999.058","994.714","999.515","997.532","1002.338","998.504","997.742","995.806","998.359","1000.626","998.211"
"1004.315","995.216","997.307","1005.404","1000.473","997.478","999.567","993.944","998.606","999.987","994.024","998.104"
"996.525","999.369","997.592","1001.918","999.258","999.537","998.896","1000.411","995.784","998.223","1002.45","998.217"
"1000.318","1002.42","1002.221","994.628","1001.95","999.126","997.593","996.548","1001.573","998.929","1002.164","1002.314"
"992.381","998.268","997.604","997.215","999.451","997.932","998.372","1002.542","1001.479","1001.2","1000.908","994.967"
"1002.022","1000.084","997.346","1007.319","1001.325","1003.17","993.463","1002.051","998.788","997.222","1002.342","1000.707"
"1000.412","1002.826","998.726","997.714","1003.506","1004.16","994.324","1001.464","1002.017","1003.004","1000.919","1005.09"
"0.0","0.0","0.0","0.0","0.0","0.0","0.0","0.0","0.0","0.0","0.0","0.0"
"999.765","1002.802","999.438","999.903","1003.334","1003.795","999.805","997.463","998.958","999.822","1002.705","996.239"
"0.0","0.0","0.0","0.0","0.0","0.0","0.0","0.0","0.0","0.0","0.0","0.0"
"1001.852","1002.622","997.754","1010.751","1001.197","999.762","1001.284","996.978","1000.194","998.383","1005.991","995.861"
"992.855","998.923","999.713","1003.39","1005.908","998.267","998.962","992.898","1001.481","1003.242","998.189","996.101"
"1004.369","1003.954","993.027","1003.762","1001.383","1002.821","998.977","998.224","1000.435","995.579","1000.823","998.56"
"999.603","999.62","1001.41","999.659","999.342","1003.325","1003.973","1000.742","1001.802","1002.973","998.168","1003.206"
"1003.108","994.778","1000.229","1001.371","1001.666","996.99","999.76","1001.485","992.578","999.745","998.522","1004.488"
"998.379","1003.807","995.784","1002.743","1001.312","1001.727","995.691","1006.831","999.677","995.767","1001.496","1001.401"
"1004.522","997.961","994.355","997.618","1000.12","1002.289","1004.769","997.727","992.443","1009.133","1000.454","1002.274"
"1002.628","1004.158","1002.718","1000.954","1001.701","1006.07","998.307","996.612","998.199","1000.912","1001.513","1002.254"
"998.384","998.154","997.93","999.662","1001.964","1003.385","1002.681","999.706","1004.965","996.902","1002.65","999.34"
"1001.337","1000.57","1001.66","998.66","1001.328","996.77","997.818","996.495","999.867","1005.758","996.962","1002.905"
"1000.657","1000.68","1002.358","996.542","999.127","999.138","999.344","1001.994","1000.695","999.827","993.472","997.084"
"999.899","999.999","1000.314","999.829","1001.477","1001.38","999.181","1003.0","999.243","1000.577","1001.555","999.535"
"1000.678","1001.433","999.887","1001.777","1002.625","997.908","1005.67","999.606","1001.836","999.492","1000.714","994.979"
"1002.668","997.463","996.883","999.567","997.016","999.204","998.622","995.123","996.154","994.437","995.171","1003.434"
"998.542","997.163","996.892","997.985","999.569","1003.678","1001.457","997.996","998.779","1001.994","999.819","1005.02"
"997.822","1000.258","1003.282","1001.331","996.733","996.546","999.803","994.058","996.112","1004.049","999.201","1000.575"
"999.816","1003.056","1000.79","998.28","1003.848","1001.094","999.259","1005.1","998.374","997.088","997.55","1000.727"
"1001.326","1003.951","1000.383","996.68","1002.751","999.304","998.5","1000.741","1001.651","1004.478","1001.569","1000.039"
"1005.408","999.721","1001.36","997.807","1005.131","999.006","998.951","997.425","1000.172","1001.424","996.44","1002.376"
"998.634","999.92","1001.591","995.952","998.732","1001.141","1002.761","1000.547","1000.46","1001.75","1001.989","1000.701"
"998.382","1001.418","1000.096","1001.905","999.587","996.938","996.923","995.01","1000.304","1000.458","1001.616","997.518"
"1001.145","1001.065","1000.463","994.627","999.609","1000.687","1000.102","1003.68","996.542","999.836","1001.414","995.434"
"0.0","0.0","0.0","0.0","0.0","0.0","0.0","0.0","0.0","0.0","0.0","0.0"
"994.488","1001.144","997.138","1001.785","1000.186","996.988","1005.463","997.359","1003.093","1003.479","998.011","998.902"
"1003.273","999.567","1006.635","1000.285","998.934","1001.115","1002.158","1003.29","1002.457","1001.926","997.465","1002.065"
"997.911","1000.908","997.524","1000.018","1005.14","1001.455","1004.9","1002.519","998.967","996.633","1002.503","1003.9"
"1003.128","1001.264","1004.314","997.756","1004.857","1000.218","1005.324","996.97","1010.782","997.474","998.932","999.66"
"1006.076","996.342","1003.814","1000.875","1003.098","999.478","995.783","999.425","1000.67","1002.595","991.414","996.985"
"1003.959","1000.854","997.522","1002.541","1002.671","997.938","1003.025","995.748","997.885","1002.007","999.292","1004.048"
"998.604","1004.177","996.711","993.268","999.191","1002.226","997.527","996.614","1000.627","1002.186","999.535","1000.023"
"998.587","1003.859","997.299","1001.598","1006.377","997.162","1002.499","1002.273","999.383","1004.751","999.223","1000.053"
"1002.241","999.485","1002.415","997.017","1003.906","997.229","1002.745","998.992","1002.227","1003.064","1000.445","997.3"
"999.471","1004.761","1000.899","998.608","1000.191","999.627","999.406","1002.032","1006.054","996.508","995.198","1000.985"
"1002.861","992.018","1009.017","996.772","1000.25","999.939","1005.553","998.755","1002.884","1000.287","1002.36","998.63"
"1001.501","1000.829","998.054","998.968","993.189","1000.902","998.088","998.833","1001.667","1000.27","1002.198","998.144"
"1000.554","997.614","998.733","1003.191","999.901","1001.683","1002.519","996.308","998.08","997.889","999.975","998.936"
"1001.162","998.044","999.143","991.233","1001.238","1001.145","1000.175","998.221","1002.567","998.135","997.496","1000.327"
"0.0","0.0","0.0","0.0","0.0","0.0","0.0","0.0","0.0","0.0","0.0","0.0"
"999.62","1005.529","1000.648","998.449","1001.998","1001.457","999.832","999.625","997.864","1002.853","1004.904","1002.658"
"1001.453","998.396","1003.905","1001.404","1003.635","1003.261","1000.252","1002.291","996.195","1000.819","1002.765","1004.074"
"1003.422","999.542","996.147","1001.536","998.695","998.888","1002.76","996.382","1003.768","998.478","1001.452","1003.041"
"1002.478","1000.86","1002.653","1000.009","1002.017","999.58","1004.14","1000.929","1002.422","1002.817","1000.575","999.876"
"999.231","1004.959","999.859","998.327","997.705","995.936","1000.431","998.84","1001.635","997.17","1001.822","998.649"
"1002.212","1001.319","1003.155","999.791","1000.201","1002.225","1001.892","1003.094","1001.446","1005.395","1000.186","996.443"
"998.12","1006.077","1001.02","996.978","998.951","994.206","1000.911","999.393","1003.168","994.73","1001.71","1003.471"
"998.011","1000.611","997.726","1003.439","995.371","1000.684","999.592","1003.224","998.117","1004.433","1002.338","1005.092"
"998.359","996.534","995.766","1003.039","999.605","1007.896","1005.619","997.434","999.207","999.99","998.947","1002.905"
"999.671","995.941","997.565","999.493","1005.257","1002.458","997.22","1003.078","994.249","998.058","1002.76","999.935"
"1002.339","998.503","1001.522","1000.226","1001.039","998.216","1002.059","1001.98","998.563","997.338","994.455","1002.189"
"1000.148","994.644","997.779","995.467","999.877","999.382","1005.617","1002.988","1005.208","997.148","995.105","1001.706"
"997.605","1000.878","1002.789","1001.677","1004.027","1006.852","994.247","1000.528","1006.586","1004.204","999.641","999.803"
"997.619","998.763","997.191","998.299","997.554","1000.514","999.899","1004.572","1000.009","1000.717","996.809","999.764"
"1003.482","1000.403","997.918","1002.724","1001.415","998.574","1000.427","1001.883","999.367","1000.544","1005.45","1000.894"
"993.462","993.716","996.726","1004.853","1007.05","1002.336","1004.203","997.599","1006.565","999.847","1003.097","1003.035"
"1001.232","997.21","995.881","1001.712","995.93","995.085","999.969","999.712","995.108","1004.699","992.709","1001.257"
"1001.533","1004.99","1003.183","992.714","1001.428","1001.645","1002.453","1000.662","1002.717","1002.073","1008.153","1003.132"
"1004.175","998.865","1004.396","998.36","1003.851","999.851","1007.759","999.857","1001.026","1005.247","998.658","996.369"
"1000.443","999.517","998.095","998.612","1003.434","995.111","1005.726","1007.098","1002.474","1002.227","996.338","1001.066"
"1003.273","1002.444","998.649","996.6","995.735","998.008","1001.125","1000.986","1001.498","996.161","997.14","1002.163"
"1000.525","1003.781","999.859","999.588","1000.301","1001.191","1000.74","998.652","1001.147","1000.104","997.965","997.762"
"998.136","1000.815","996.134","997.052","1000.127","997.945","1007.908","994.632","998.338","1004.334","999.42","1007.968"
"1001.214","997.615","993.282","996.822","1001.296","1000.138","998.544","998.267","1005.919","997.532","996.475","1001.934"
"0.0","0.0","0.0","0.0","0.0","0.0","0.0","0.0","0.0","0.0","0.0","0.0"
"1004.448","1001.558","1000.265","997.236","998.103","1000.499","1000.0","1003.907","998.931","999.513","999.856","996.344"
"1008.653","994.555","997.404","1004.239","1002.767","999.586","993.493","1003.113","1002.196","1001.691","1004.79","996.337"
"1001.652","996.141","1002.604","999.028","994.532","1007.347","990.849","993.758","993.759","1002.367","991.852","1005.097"
"1005.746","1000.785","999.321","999.777","1001.179","1007.549","1000.131","1004.099","996.235","1002.3","997.656","1001.251"
"1003.942","1003.578","996.918","995.849","1003.829","1001.041","1002.109","1000.272","994.716","997.911","1003.015","1005.304"
"1006.733","998.34","1007.067","1003.438","998.546","999.085","994.002","995.678","995.95","1003.787","999.231","996.266"
"996.311","1001.493","1000.078","1000.595","1002.578","1004.872","1001.96","995.904","1004.178","997.742","1001.673","1001.113"
"1000.596","1001.416","999.752","1000.528","1003.973","1007.323","1001.531","999.987","1000.794","1001.785","999.184","996.848"
"1003.693","999.816","1000.229","1001.733","1002.274","1000.53","993.895","1001.408","999.687","997.6","995.409","1002.612"
"1002.036","1002.192","998.858","998.771","996.004","1002.025","1000.195","1002.357","1003.099","1000.066","997.981","1003.516"
"1009.723","1003.619","997.605","997.08","996.781","1000.015","996.154","1000.798","999.06","997.732","999.084","1003.024"
"993.818","1000.388","995.16","997.327","993.204","1002.919","999.711","1005.317","1005.842","1000.356","998.587","994.897"
"998.145","1005.5","996.425","1005.491","999.16","1001.131","997.206","1003.661","1004.804","997.705","997.215","996.553"
"1004.903","1000.161","1003.135","999.258","999.577","999.887","1000.145","1005.232","994.893","1008.66","999.408","998.649"
"1001.378","997.025","997.314","996.069","1002.41","1000.148","996.226","1006.424","1001.884","1004.72","994.895","1005.415"
"997.478","1002.518","1000.911","1003.944","1004.255","1000.954","1004.08","1000.695","996.793","997.985","1005.312","1000.786"
"1004.086","1000.047","1000.706","1000.288","994.135","999.424","1000.987","997.727","1001.6","1003.605","999.03","1000.876"
"1007.836","998.078","996.404","998.596","997.747","1002.567","996.316","997.762","996.847","995.875","997.729","1001.037"
"998.058","1000.401","1005.569","1000.349","1000.708","1005.294","1002.649","1002.483","1003.035","997.723","995.031","997.771"
"1002.633","1000.772","999.727","995.629","997.509","1000.635","999.08","998.479","993.449","997.865","996.785","995.265"
"999.818","996.634","998.243","1001.062","999.547","999.29","997.267","997.661","1002.497","1003.783","1000.057","992.359"
"1002.566","1002.06","1000.165","1003.204","1002.682","1004.127","999.526","1004.738","999.47","997.886","996.644","998.363"
"999.81","998.869","1002.328","999.918","1004.127","993.263","999.923","1004.099","1000.688","1007.935","1004.763","1003.406"
"0.0","0.0","0.0","0.0","0.0","0.0","0.0","0.0","0.0","0.0","0.0","0.0"
"999.58","996.738","999.857","997.241","1008.051","1007.244","1002.9","997.232","1007.712","999.56","995.789","1000.014"
"996.602","996.104","1000.505","1002.058","1002.888","996.812","1000.784","1001.384","997.866","998.794","1001.824","1001.982"
"995.586","999.67","1002.388","997.869","998.76","995.759","1001.146","1006.208","997.895","997.651","1002.224","1004.197"
"1000.04","1003.068","1003.081","1000.439","1000.302","1002.499","994.964","1000.905","1002.172","1001.058","997.115","993.911"
"997.348","1000.951","998.648","998.392","999.143","1001.43","1000.345","999.865","1003.748","997.096","1005.959","996.452"
"1002.915","1000.337","1003.897","1002.486","999.798","1004.184","1001.59","999.598","1002.305","1002.902","1002.088","998.73"
"992.462","1000.223","1000.61","1001.178","997.182","999.998","997.969","1002.115","994.86","997.937","1000.542","998.933"
"998.578","1002.862","992.779","1001.856","1000.874","999.489","996.974","1001.241","1003.553","996.706","1000.777","999.025"
"997.577","1000.266","1005.209","995.678","995.39","998.538","1003.658","997.213","1001.435","995.396","1006.307","998.161"
"1002.259","995.62","1003.191","1006.181","997.896","998.695","996.098","997.071","999.066","992.09","996.285","1003.117"
"999.913","998.828","1001.525","1002.461","1001.697","1001.839","991.353","995.344","998.363","1000.178","996.674","1002.709"
"997.345","1006.824","999.448","999.358","1004.093","1000.726","997.614","1001.495","1002.24","997.266","1000.146","1003.775"
"999.866","1000.223","993.454","1003.422","1003.969","1004.703","994.356","1000.794","998.638","994.472","1000.829","999.45"
"1001.692","997.442","1002.605","994.507","998.498","995.226","997.933","997.194","999.291","999.934","1001.497","995.588"
"995.212","994.65","1001.185","1001.097","1002.035","999.325","1003.204","1000.722","1001.79","1006.093","1000.512","997.785"
"1002.448","1001.539","1001.565","996.575","1001.815","993.867","998.769","999.579","1002.034","1001.894","1000.276","1002.547"
"999.653","997.512","1000.07","995.22","997.475","1000.06","999.561","1000.278","997.633","1000.655","999.583","1000.82"
"1001.219","1005.125","994.747","1001.182","998.529","997.395","1001.992","1004.209","998.685","998.03","998.898","1005.085"
"998.708","996.838","998.669","1001.978","1000.738","1000.321","998.446","998.922","1001.409","1003.595","996.869","999.67"
"998.674","1005.464","996.641","1001.721","1003.272","1003.391","999.887","1004.496","998.655","1001.396","995.064","993.609"
"1000.694","1003.226","997.838","1003.935","998.866","998.328","996.848","1000.058","1000.591","1000.705","1000.524","991.017"
"998.457","1001.844","1000.208","1000.503","993.702","998.922","994.404","998.239","1004.972","1003.155","1001.141","998.339"
"1002.152","1004.192","996.72","997.106","1001.313","997.545","999.672","996.376","993.282","998.916","997.15","996.478"
"1003.391","1001.598","998.171","1000.854","1001.102","999.196","998.968","999.739","1002.612","1001.008","996.594","994.626"
"1000.991","1003.156","999.847","998.06","998.794","993.534","1000.499","999.609","998.197","996.145","994.772","996.058"
"998.842","993.479","1003.447","999.224","998.21","1004.155","1002.496","1002.193","997.793","995.818","1002.776","996.723"
"995.748","999.68","1000.372","1002.341","999.488","996.635","999.204","1000.453","996.345","1002.708","999.623","999.131"
"994.636","1001.048","1002.335","1001.326","993.774","1002.811","1001.908","1001.508","1004.029","1000.549","999.672","1006.592"
"1001.69","998.89","996.57","997.335","995.496","1003.406","1001.645","1000.462","1000.742","997.896","1006.452","998.084"
"1000.752","996.951","997.77","992.899","996.058","998.541","997.367","996.653","997.418","1006.744","998.106","1001.717"
"999.511","1002.065","997.108","998.72","998.539","993.581","1004.452","1002.509","994.182","1001.558","999.463","1003.47"
"995.953","996.653","999.816","996.93","997.193","1002.891","1003.172","996.546","996.934","1001.809","998.707","1003.688"
"0.0","0.0","0.0","0.0","0.0","0.0","0.0","0.0","0.0","0.0","0.0","0.0"
"1000.173","997.339","998.082","1003.647","1001.922","1000.036","1001.465","1005.187","998.267","1001.621","1000.601","1003.888"
"1003.135","1002.73","992.741","1003.478","1001.518","996.159","999.637","1001.965","997.631","1003.995","1003.018","1000.067"
"1000.982","999.935","1000.963","998.487","991.757","998.715","999.643","1002.287","1002.315","999.01","999.382","995.128"
"994.31","1001.495","996.497","999.365","999.068","996.853","999.292","999.772","995.634","998.821","1002.004","1004.219"
"998.163","999.296","1000.548","992.457","1005.383","998.392","996.687","1002.741","1005.063","1002.903","1004.337","995.489"
"999.912","998.071","1001.396","1005.922","1001.149","998.255","998.206","1005.119","996.304","1000.503","1002.014","999.962"
"996.241","996.199","995.987","998.104","1005.131","1000.161","1001.102","999.487","1001.966","1001.611","1000.303","998.85"
"998.235","995.459","1003.621","995.15","1006.146","1001.949","997.781","999.309","998.452","997.266","999.909","1000.586"
"1001.075","994.298","999.66","999.962","1005.49","996.319","999.426","1002.438","1000.179","1001.983","993.28","1000.776"
"1001.527","997.665","1002.453","1000.002","998.697","1001.125","993.869","998.311","998.348","997.42","1003.391","1003.451"
"1002.45","1004.948","1004.125","1003.036","1009.499","997.664","1003.58","1001.628","1003.146","1003.984","1004.139","1003.132"
"999.266","997.848","1002.021","1000.721","1004.783","1006.114","995.29","997.386","995.693","1000.756","1002.478","999.175"
"0.0","0.0","0.0","0.0","0.0","0.0","0.0","0.0","0.0","0.0","0.0","0.0"
"1000.002","997.582","1002.685","999.955","998.946","1000.584","999.731","1000.322","998.6","995.284","1000.61","1003.126"
"997.249","1002.086","999.577","998.403","995.407","998.471","1002.608","996.763","1001.41","1007.854","993.924","1001.371"
"997.305","1004.888","1002.18","999.535","999.179","1000.741","1002.971","999.564","995.756","997.105","999.335","1004.599"
"997.528","998.115","1001.986","1004.656","1004.467","1003.327","998.549","999.425","1001.157","995.103","999.783","999.917"
"0.0","0.0","0.0","0.0","0.0","0.0","0.0","0.0","0.0","0.0","0.0","0.0"
"1004.526","997.416","999.887","1001.099","1001.649","1001.304","1002.968","1001.802","1000.691","1002.141","997.65","1006.747"
"997.116","1007.577","996.335","1000.286","999.449","999.724","1000.456","1001.185","994.136","1001.077","1001.92","999.551"
"1000.315","999.192","1001.273","1003.829","994.532","999.715","1002.964","1003.398","1003.825","992.547","996.325","1004.838"
"997.532","1004.473","1002.869","1002.386","1001.545","1006.824","999.326","997.333","996.448","1001.221","998.039","998.097"
"1001.421","995.89","1000.513","1002.452","1003.257","994.808","999.502","1003.827","999.022","1003.44","991.675","993.892"
"998.77","997.317","999.287","997.42","998.717","1002.101","997.669","999.441","1001.527","998.278","998.09","993.121"
"1001.423","997.558","1003.958","1007.037","1002.927","998.482","1000.146","998.742","998.219","1001.181","1000.456","1005.471"
"1000.652","999.577","1002.5","994.018","999.761","998.542","998.458","997.792","1003.163","999.543","1004.501","1001.838"
"1001.031","998.845","1000.997","998.549","1000.29","1000.914","999.241","1001.742","999.198","1002.083","998.73","997.894"
"999.438","1001.525","997.132","1004.016","999.846","1003.253","994.37","997.695","998.32","997.202","999.54","1004.891"
"1004.53","995.136","1001.171","998.394","1001.925","997.813","997.614","1004.274","996.827","999.086","1001.806","999.125"
"996.609","999.042","996.668","1002.246","998.192","1007.413","1002.949","998.897","1003.006","997.128","1001.83","1000.285"
"999.912","1002.872","998.49","999.554","1003.806","1003.454","1002.981","997.465","994.234","994.036","996.339","1002.656"
"1002.719","999.336","999.051","1004.481","1000.425","996.19","1000.096","1001.941","996.362","997.859","997.69","1003.001"
"1002.533","1002.452","995.37","1001.999","1001.53","1002.151","999.947","993.264","995.854","997.02","1003.492","1005.42"
"995.142","1003.99","999.536","1004.526","1000.768","1004.106","999.23","997.952","990.378","999.831","997.6","993.495"
"1004.803","997.232","998.194","1000.428","1002.6","1003.24","997.338","1000.787","999.369","1001.439","1000.991","1000.415"
"1002.333","995.909","1000.593","1000.514","994.282","1005.152","994.388","997.607","1000.962","1000.923","995.82","1007.264"
"996.902","1001.956","995.843","996.859","997.971","1002.365","999.939","1000.261","999.937","1002.967","1001.933","997.073"
"999.465","1001.724","1002.976","995.452","999.278","1002.267","997.066","1000.832","1000.897","1003.111","1002.701","1000.341"
"1003.104","1001.244","995.837","1002.963","1004.216","996.99","994.79","1005.663","1005.467","1004.634","999.15","1003.471"
"998.992","996.955","998.009","1005.877","1001.206","996.008","1001.308","999.468","1003.777","998.857","1002.178","1001.564"
"1003.136","993.946","996.895","998.342","1009.165","994.252","999.336","1000.159","1003.116","1002.54","998.43","998.684"
"998.816","1005.8","999.285","996.776","999.465","994.138","1001.0","1001.338","999.915","1000.662","1006.263","1003.548"
"1001.282","999.607","1002.937","1006.793","999.598","1000.934","1002.881","1003.153","999.122","1000.947","1004.286","1001.738"
"1001.21","1002.543","998.852","1000.227","998.209","996.954","996.465","1004.501","998.14","1001.169","1003.74","996.637"
"1001.04","995.741","997.271","999.699","1008.815","995.765","1004.494","996.355","1002.291","1004.639","1001.18","999.889"
"1002.477","1003.381","1006.099","997.712","999.626","1000.146","991.535","998.077","1003.737","999.508","1005.306","1002.17"
"998.455","994.305","1002.187","1002.049","1000.505","1004.441","998.65","999.661","996.739","1008.844","997.465","995.938"
"1000.079","1002.114","999.176","998.589","995.028","1000.24","997.964","1003.434","996.833","1002.762","999.258","1001.524"
"998.553","1001.346","1000.26","999.859","1005.41","996.833","1001.445","993.202","1000.535","996.674","999.15","1000.335"
"0.0","0.0","0.0","0.0","0.0","0.0","0.0","0.0","0.0","0.0","0.0","0.0"
"1000.123","999.852","1005.426","1003.353","1001.25","1002.886","996.178","1007.031","1000.941","998.217","1002.923","1003.663"
"1000.582","1005.112","993.767","998.597","999.232","1002.014","1003.476","1002.013","1001.222","1003.156","1003.001","1000.024"
"997.939","998.736","1004.234","1002.728","1004.12","998.317","997.344","995.835","998.823","1004.151","998.692","1002.058"
"1000.093","1001.515","997.319","1001.523","998.134","997.615","1004.257","1001.047","1000.6","1001.348","1007.346","1002.564"
"999.347","1001.016","996.285","1003.415","998.254","1003.902","995.836","999.342","1001.689","997.228","997.549","1002.013"
"1003.399","1003.518","1000.574","1001.285","1002.305","996.657","1002.244","996.114","999.293","1000.724","999.463","998.067"
"1001.22","1003.847","1001.052","999.926","1004.845","1000.747","1004.033","993.024","996.643","1000.69","1002.292","1005.204"
"997.416","999.702","998.561","999.641","1000.935","996.226","1000.101","996.792","999.097","1005.329","1000.886","1000.65"
"1003.023","993.465","995.802","994.343","1003.695","1006.619","1001.859","995.838","997.552","999.174","1005.072","1000.72"
"1004.299","995.251","995.364","1001.495","998.464","997.417","1003.774","1006.542","1003.812","997.093","1001.877","1009.522"
"1004.346","996.999","997.546","993.462","1004.095","1007.168","1001.907","1000.979","999.254","997.132","1006.4","995.48"
"1000.608","1000.04","999.165","999.501","1001.107","1007.011","998.099","1001.101","999.713","997.869","998.625","1000.347"
"995.16","998.253","994.445","1000.184","1003.22","1000.558","1004.461","1000.31","1004.287","1001.403","1001.119","1003.223"
"997.213","999.731","1000.625","999.348","996.979","997.566","1000.434","1003.714","993.889","994.228","998.74","1002.074"
"997.706","998.063","1004.995","1003.222","996.85","994.22","1003.191","998.453","1001.374","1001.634","1001.413","994.668"
"999.686","997.13","1002.65","999.742","1004.777","996.986","996.012","1002.99","999.826","999.823","999.293","1005.225"
"1001.234","998.314","996.945","1002.92","1000.544","998.592","1003.359","999.42","999.737","1003.116","999.716","998.886"
"1000.141","1000.739","1006.204","996.538","997.113","1001.349","1000.734","998.995","1003.277","1000.426","999.556","1003.997"
"998.765","997.597","1000.436","998.179","998.93","999.22","1009.048","1003.269","1001.917","999.261","1005.59","996.413"
"999.033","998.025","997.866","1002.065","1002.667","1005.225","1000.448","1002.514","1001.082","1006.841","999.11","999.526"
"999.001","998.366","999.827","996.99","1003.063","1004.904","1000.22","998.442","995.757","991.994","1002.022","997.116"
"1002.949","998.702","995.585","996.643","999.236","1001.395","1003.695","1003.414","998.011","998.398","1001.041","1002.502"
"1007.16","997.2","1002.013","1000.699","1004.424","1002.735","998.866","999.448","1003.056","994.514","1000.333","1005.648"
"1004.781","1002.05","1000.787","1000.456","1001.253","998.751","995.989","999.734","995.253","997.682","1001.512","997.63"
"996.802","999.224","1001.473","1001.062","1006.468","1001.858","1000.504","999.01","998.47","997.417","1005.935","997.441"
"997.344","998.31","1008.185","999.932","1002.363","997.647","996.991","1000.228","994.982","1002.728","997.694","1002.839"
"998.77","1003.775","997.742","1004.448","1005.595","997.586","1003.615","1002.377","1001.888","1002.901","995.743","1004.095"
"1002.714","998.887","996.652","996.646","1000.179","999.868","1003.547","1002.774","1003.613","999.705","1001.048","996.862"
"994.888","998.144","1007.791","993.943","1000.482","999.04","1000.12","1003.417","1001.589","997.935","997.537","1000.09"
"999.595","995.915","1000.791","998.751","996.157","992.908","1000.065","995.413","1008.263","1001.565","998.224","1001.031"
"1000.983","1003.472","1001.751","1003.434","993.401","999.193","998.818","1004.505","998.934","999.085","1001.619","1000.676"
"1003.891","998.708","1003.963","1005.143","996.13","1002.271","997.936","998.39","1001.994","1002.543","1000.197","1002.459"
"998.191","999.114","999.941","994.536","999.023","999.271","1000.547","996.584","1001.743","996.177","998.597","997.336"
"999.809","997.746","1004.37","994.069","1007.333","998.09","998.657","998.963","996.087","1001.468","1004.293","995.214"
"1001.527","998.639","1002.851","1003.987","1001.664","994.495","997.405","998.881","1000.929","1002.22","1001.713","999.821"
"996.699","1000.972","995.764","1000.388","1003.365","996.702","998.781","996.381","997.575","992.885","1004.508","999.912"
"1001.551","1000.585","1001.954","998.429","1003.648","997.42","998.366","1001.598","1006.265","998.794","1004.182","1000.856"
"998.346","1003.673","994.525","1002.861","999.488","1001.718","1001.53","995.09","1001.217","1003.042","1005.21","999.63"
"1002.081","997.875","1002.357","994.917","997.896","1003.908","1003.268","1001.198","998.16","996.649","999.939","994.766"
"1006.86","996.878","1003.147","998.482","1000.203","1005.535","1006.634","1004.853","999.585","997.764","1004.011","998.068"
"1003.372","1001.423","1001.942","1005.158","999.646","998.204","1001.501","1005.925","1004.867","996.703","1002.34","1004.193"
"1004.178","1000.243","1000.261","1004.167","1003.225","1002.967","1004.847","999.176","1005.329","998.722","1002.006","1004.689"
"999.712","1003.902","992.297","997.285","1006.451","1001.702","994.849","998.06","998.506","998.152","999.071","998.115"
"997.699","1002.327","994.493","995.233","1001.965","1001.641","1005.395","1003.513","1001.812","995.531","1003.848","995.041"
"1001.344","1000.549","1002.911","1004.83","994.246","1006.165","1000.644","993.479","995.371","1000.865","997.17","1001.281"
"996.252","999.421","1002.355","996.163","991.185","1007.972","1001.36","1004.306","997.106","1000.668","999.751","996.774"
"997.022","1005.603","1005.312","998.988","999.207","997.964","1007.413","996.663","1002.855","1002.009","1001.104","1006.141"
"1000.87","998.263","1000.331","999.036","999.855","1002.568","999.836","1000.199","998.72","998.794","1000.691","1000.836"
"998.078","997.821","1002.81","990.869","1002.505","1000.006","999.138","999.847","998.031","997.186","996.395","1001.348"
"1005.878","1001.491","1000.693","1004.536","1000.686","1003.438","999.524","995.061","999.302","1000.879","996.796","1002.925"
"1001.718","998.248","1000.437","1001.115","1003.462","998.283","997.214","996.213","1008.615","994.809","1000.259","1005.853"
"997.912","1003.431","997.515","998.221","1001.994","997.148","1000.763","1002.955","1004.341","998.452","995.61","1000.937"
"995.204","999.936","1001.048","996.508","999.941","998.468","1001.029","1002.237","996.153","1002.659","996.771","994.527"
"1002.988","996.957","999.884","1003.294","1001.398","1001.192","1004.975","1004.263","997.24","1001.499","1002.362","995.188"
"1005.311","998.518","1000.085","996.02","1003.726","1006.164","1000.745","1000.861","1001.095","1001.084","1000.764","996.159"
"1000.525","1003.516","1006.454","992.974","1002.086","999.887","995.521","1000.462","1003.08","1000.432","1004.76","996.738"
"998.165","1002.959","999.993","1003.415","999.455","999.386","1002.476","1005.732","1006.065","1004.326","996.738","1006.821"
"1002.54","995.944","996.372","1003.17","998.757","1001.169","1001.04","997.548","999.853","1000.012","1002.707","999.371"
"0.0","0.0","0.0","0.0","0.0","0.0","0.0","0.0","0.0","0.0","0.0","0.0"
"1003.177","998.172","1002.159","999.246","996.455","1000.908","1001.113","999.165","1001.802","1002.836","1002.753","999.557"
"995.621","1001.157","1001.105","1003.586","1003.855","1001.62","1002.985","997.922","999.836","1000.498","1000.532","1001.3"
"1003.119","996.408","1003.037","1000.104","998.77","994.958","1000.003","1006.035","999.319","1001.074","989.294","994.033"
"997.261","1000.493","1004.284","997.953","997.137","994.699","999.229","1004.8","1005.183","1004.514","995.509","997.968"
"1002.16","1000.734","997.899","999.831","1000.459","996.08","999.984","997.241","998.535","1001.162","992.743","998.281"
"0.0","0.0","0.0","0.0","0.0","0.0","0.0","0.0","0.0","0.0","0.0","0.0"
"1003.849","998.394","996.147","998.888","995.855","1005.325","1003.116","996.462","1000.368","1001.072","1004.328","999.865"
"1000.66","1005.594","997.013","996.361","1000.463","1003.371","995.233","993.475","997.48","1001.208","996.949","995.704"
"998.895","1003.369","1001.838","1003.435","999.246","1000.942","997.271","996.553","1002.453","999.86","1002.464","1001.098"
"997.477","1006.135","1000.655","1003.273","998.475","1002.963","998.493","997.799","1005.436","998.05","999.837","996.056"
"999.978","1003.247","998.721","996.832","999.684","999.187","998.807","992.02","998.112","996.771","995.262","1003.893"
"997.272","998.39","999.834","998.22","998.915","1003.924","998.376","995.648","995.055","1004.681","1006.554","999.014"
"1002.954","1006.264","998.928","1004.073","1006.496","1004.955","999.017","1001.54","997.504","999.105","1002.523","1000.427"
"1001.833","1000.709","1005.909","1000.267","1003.665","997.032","1004.468","1004.023","1004.328","1001.416","997.047","1003.249"
"1001.268","998.702","999.127","999.202","999.545","1001.019","1000.567","997.413","999.449","997.877","997.77","1004.169"
"1001.624","1000.486","1001.445","999.987","997.549","1006.579","999.209","996.903","998.826","1002.465","996.292","1002.985"
"995.067","997.107","1001.428","995.115","998.906","994.442","996.039","999.222","1002.214","1003.521","1003.95","1002.966"
"1003.995","998.142","999.703","1003.492","1000.506","1000.562","996.545","997.597","996.29","1002.849","1005.913","1000.646"
"997.448","993.53","1000.7","1007.564","997.242","997.511","997.348","999.022","996.076","1002.782","996.879","999.427"
"1000.676","998.183","997.602","1002.765","998.532","1002.193","999.293","997.239","996.927","995.273","1004.181","998.544"
"1005.477","997.313","1000.482","997.874","999.842","1004.242","998.395","1001.874","997.066","1002.45","999.87","1002.641"
"996.755","999.86","1000.94","998.13","1000.828","1000.501","1008.97","1002.359","1002.472","1004.791","997.848","996.061"
"1000.919","999.362","994.313","1000.68","1002.648","994.677","1000.886","1000.058","994.219","997.634","997.956","997.071"
"999.42","998.139","995.36","1002.43","1006.301","997.536","1007.2","1000.765","1000.282","1001.996","998.282","1001.366"
"0.0","0.0","0.0","0.0","0.0","0.0","0.0","0.0","0.0","0.0","0.0","0.0"
"997.671","999.64","1000.831","1006.322","998.935","1000.179","1000.701","993.465","1000.013","998.205","999.253","1002.393"
"1003.562","998.73","998.864","1000.943","999.8","1001.464","999.857","998.476","999.676","1000.501","1001.5","1000.612"
"999.714","994.42","1002.996","998.805","996.782","1004.818","991.772","998.47","1001.002","999.705","1001.697","1005.375"
"1002.866","1000.21","1001.348","1001.368","1002.066","996.751","1004.005","996.346","1002.774","994.113","997.239","1000.373"
"1002.792","1003.916","1002.597","1006.349","1001.247","996.753","1001.412","1000.823","1000.141","998.749","996.328","999.507"
"997.331","1000.104","1001.673","1004.155","1002.486","1001.766","1004.05","997.229","996.71","1002.545","1003.677","1003.289"
"999.686","999.87","994.478","996.606","997.746","1000.258","997.084","1002.356","998.142","999.302","1001.44","1001.201"
"1000.006","1001.849","996.853","1001.676","1001.331","1001.674","1002.182","999.262","991.213","999.761","1004.448","996.451"
"1001.308","996.985","998.345","1000.572","996.767","996.281","1004.001","998.821","1001.864","998.305","1000.833","1000.343"
"1000.212","999.63","999.514","1004.272","999.249","1003.296","996.152","1003.001","1000.194","995.029","998.074","998.849"
"1001.683","999.355","995.93","995.56","998.724","1003.091","998.513","1000.621","1000.87","1003.553","1002.615","999.71"
"1001.005","998.401","1001.958","1002.533","1000.337","1004.873","1002.818","996.579","1005.16","999.052","996.525","1002.354"
"994.345","1001.607","998.71","997.529","1000.727","999.652","1000.655","995.331","1001.703","996.824","999.86","995.138"
"0.0","0.0","0.0","0.0","0.0","0.0","0.0","0.0","0.0","0.0","0.0","0.0"
"0.0","0.0","0.0","0.0","0.0","0.0","0.0","0.0","0.0","0.0","0.0","0.0"
"1002.736","1006.913","1001.248","996.018","1006.692","999.861","998.701","997.465","998.145","1004.121","998.252","997.809"
"998.207","1004.659","1001.077","999.402","1003.476","1008.205","997.944","1000.076","1001.77","1004.77","1001.465","999.857"
"999.419","995.349","1000.913","999.412","993.387","1003.07","997.054","1000.382","1003.911","997.588","999.897","995.371"
"999.888","999.215","994.35","1000.009","1000.651","1001.715","999.618","1000.673","1000.91","998.27","1003.116","1000.497"
"998.508","1000.084","994.868","1003.446","998.982","999.413","997.545","1001.534","1002.137","1001.703","997.701","998.326"
"996.468","1004.234","995.399","998.011","1003.97","1004.259","1003.73","1003.309","999.115","997.896","1001.769","1004.554"
"998.732","999.314","993.72","1004.562","1003.312","995.15","1000.316","1000.622","997.746","998.257","999.82","997.303"
"1006.01","998.169","1003.409","999.211","999.422","998.339","1002.157","993.297","1000.043","999.326","996.496","1000.536"
"997.385","999.617","1000.273","1001.541","1000.938","1000.422","1000.963","1003.236","1006.247","1004.122","998.79","999.634"
"999.537","1002.278","1002.161","997.766","996.726","998.638","1002.558","1000.602","996.885","1001.314","999.099","997.572"
"1001.169","1003.267","997.321","1001.992","998.195","997.795","995.249","1000.832","997.184","999.823","999.505","1001.729"
"999.221","998.769","998.245","998.266","1000.713","997.118","995.706","992.987","1003.14","1002.095","999.724","1001.137"
"1001.949","1000.645","1002.306","998.033","999.577","1002.103","1003.06","997.944","993.554","998.97","999.193","1000.84"
"992.765","1003.479","997.13","999.253","996.583","1000.426","999.504","1001.229","1003.302","998.191","1000.262","1002.009"
"989.972","1003.151","996.678","1000.123","999.335","1002.805","1000.824","995.966","998.292","995.715","1001.946","1004.121"
"995.881","1000.594","1000.668","1005.955","1009.214","1003.252","997.786","1003.239","997.1","999.589","1002.154","999.502"
"999.779","998.009","998.561","1003.768","1001.8","1007.42","998.589","999.273","1001.443","996.917","1003.834","1000.477"
"996.805","997.022","1002.382","996.112","1001.695","1000.52","996.866","1005.778","1000.071","1000.344","996.981","1001.483"
"997.53","998.427","992.437","1003.356","1004.147","1002.51","999.31","1006.518","1002.648","997.113","997.896","1000.08"
"1007.376","998.887","994.99","1004.54","1003.83","995.228","1003.306","1001.193","1002.799","995.228","999.778","1002.545"
"999.349","1002.052","1004.36","995.19","1002.175","997.95","999.834","997.391","1000.367","1001.146","998.037","1000.943"
"996.358","1007.022","1000.704","999.653","998.183","998.476","996.116","1000.545","1001.399","993.104","996.007","998.834"
"1001.706","991.861","1001.977","999.142","1000.451","1005.741","1001.046","1002.874","998.839","998.443","999.755","1004.878"
"1001.242","1001.271","1002.571","993.357","996.664","1001.731","997.753","999.525","1001.559","997.329","999.692","1000.988"
"995.957","1002.121","1002.028","992.917","1001.254","1000.964","1003.622","1000.357","1001.461","1000.641","1001.148","997.081"
"1000.364","999.587","1001.347","1001.792","1002.511","994.191","1002.534","998.752","998.536","1002.599","1003.864","999.669"
"998.58","1000.7","1004.91","996.119","997.898","1001.807","997.008","1001.331","1005.216","998.25","994.632","998.576"
"998.739","994.678","994.769","999.852","1002.24","1005.489","999.552","1007.946","1002.7","997.469","997.926","1000.901"
"1004.719","1002.918","1000.484","1001.502","997.469","997.732","996.735","1001.194","999.33","1003.342","1001.669","994.701"
"997.445","1000.42","996.427","997.617","999.539","999.711","1005.661","999.188","1001.184","1001.906","998.7","1000.8"
"992.62","996.628","1001.304","1004.208","1008.668","1000.369","1001.096","1000.413","999.805","997.465","1000.328","1000.139"
"998.341","997.471","1001.291","1002.25","1004.865","994.102","1002.76","998.162","998.421","1003.856","1002.745","997.956"
"999.284","999.631","998.113","1000.12","999.571","997.237","1003.681","997.845","1004.049","1001.671","999.278","996.799"
"1000.745","1003.991","1000.418","998.318","994.634","999.771","999.565","999.946","996.811","997.455","995.861","1001.293"
"999.145","997.186","997.313","997.781","995.505","1002.777","995.464","1003.487","1003.288","996.511","998.76","1003.566"
"999.039","1001.317","998.903","997.221","1000.826","1000.156","1002.676","1001.104","999.16","1003.69","1002.758","1002.97"
"998.506","997.119","998.387","993.243","1007.037","998.988","999.465","1005.389","1001.088","1000.176","994.352","999.434"
"998.176","1002.386","1000.583","996.814","1003.334","1000.445","997.124","1002.72","999.214","1002.417","1006.606","999.193"
"1001.299","1000.042","999.198","994.181","1000.676","1006.788","995.242","999.894","999.984","1005.273","996.944","1000.147"
"998.511","1000.812","999.169","999.547","1002.796","996.645","996.225","1004.178","996.152","1002.756","999.687","1002.481"
"1002.233","1006.279","996.088","1000.788","998.987","1001.564","999.274","996.707","998.106","998.18","1001.655","997.477"
"1000.154","1000.617","996.106","999.199","1002.389","1002.682","999.293","1000.998","1000.841","1002.624","996.926","999.442"
"999.695","997.99","999.84","1000.196","996.205","1001.791","997.103","998.343","1005.011","995.513","1005.085","1003.748"
"999.427","1002.441","1000.088","1000.606","997.751","1002.282","1003.786","997.361","996.657","999.604","1004.591","1006.912"
"1000.976","998.174","997.518","1002.488","1002.786","997.928","998.845","1001.635","1004.108","1002.522","1003.38","1003.325"
"0.0","0.0","0.0","0.0","0.0","0.0","0.0","0.0","0.0","0.0","0.0","0.0"
"1001.044","999.708","1000.929","996.75","995.756","997.868","1001.857","999.817","1001.354","1002.783","995.73","1003.562"
"997.213","1001.445","1000.517","1002.427","1001.604","1005.67","1006.135","999.535","1002.202","999.002","1000.584","1003.414"
"1002.332","1000.708","999.855","1002.353","1001.044","997.789","995.214","1001.622","1002.359","1000.584","997.3","1001.721"
"1001.615","998.571","998.745","997.787","997.526","1005.367","999.243","997.607","1001.254","1002.91","997.96","1006.449"
"998.61","996.924","1002.068","999.51","998.386","999.647","1003.666","995.484","998.52","1000.707","994.016","1003.295"
"998.657","997.13","1002.017","999.54","1000.896","997.774","998.378","1001.056","999.196","1003.827","991.296","999.589"
"999.056","995.071","1004.814","999.36","996.458","1001.776","1004.577","1001.187","1002.32","1002.298","996.947","993.527"
"997.818","998.566","1000.047","996.819","994.658","1001.476","1005.066","1004.934","1001.443","995.042","999.443","999.792"
"1001.799","1004.622","1001.611","998.098","1004.933","999.756","999.85","998.072","996.183","998.139","1005.5","999.484"
"0.0","0.0","0.0","0.0","0.0","0.0","0.0","0.0","0.0","0.0","0.0","0.0"
"1000.875","1002.605","1002.262","1001.316","1001.267","999.663","999.712","1001.616","996.446","997.789","1003.848","999.338"
"1003.678","1000.654","995.534","998.968","996.337","999.266","997.155","1001.155","995.853","998.493","1001.354","997.236"
"1003.389","996.514","1001.58","999.138","1002.83","1003.221","998.55","1000.011","1003.322","999.1","1001.319","999.743"
"999.332","1001.117","995.777","1002.218","996.272","999.989","997.634","999.434","999.216","998.765","993.308","1004.425"
"1000.21","999.223","999.442","998.394","1000.887","994.759","997.486","1001.073","1006.936","1003.596","998.932","1001.577"
"1004.666","997.788","1001.629","999.212","997.357","1000.61","1000.198","1007.454","1000.672","997.156","999.023","1000.297"
"995.14","1001.402","999.988","999.359","999.379","999.03","993.901","1000.448","1003.41","1001.596","1004.189","1003.033"
"998.531","994.102","1000.846","994.43","1004.946","1001.01","994.211","995.414","998.441","1000.587","1000.333","998.64"
"996.858","996.105","1000.938","999.362","1003.394","1000.723","1001.689","999.319","1005.593","997.887","999.925","1000.207"
"1004.91","995.238","1003.091","1000.814","1000.106","999.426","1001.483","999.831","994.132","1001.077","1000.212","996.563"
"1001.875","1001.577","998.934","1004.058","1002.126","1001.372","1005.572","1000.063","998.956","995.355","1000.237","998.538"
"996.779","997.805","1002.493","996.356","1003.925","1005.981","1004.693","994.817","1002.202","1002.239","1001.428","992.065"
"0.0","0.0","0.0","0.0","0.0","0.0","0.0","0.0","0.0","0.0","0.0","0.0"
"1002.916","1003.21","1003.252","1000.335","1002.948","1005.313","996.936","997.508","1002.733","998.764","994.904","996.157"
"998.459","1003.14","1001.534","1000.344","996.092","999.447","1001.654","999.428","1002.473","998.335","998.894","1001.0"
"995.472","997.66","1005.67","1003.709","1004.774","999.002","997.398","1005.748","999.039","998.337","999.901","1002.426"
"993.53","998.951","1001.06","999.164","1003.704","1002.849","1004.355","1005.916","999.993","1000.911","999.532","1001.613"
"998.973","1000.582","997.574","997.806","1000.855","996.857","993.517","1001.491","1003.485","1001.826","1004.155","997.782"
"1004.737","996.365","999.468","996.895","1000.369","1004.781","997.836","1004.913","1001.434","998.805","999.964","1005.148"
"1002.471","999.342","999.475","999.354","999.295","1006.621","994.287","1007.165","997.565","1001.852","1000.457","999.358"
"1001.514","1000.488","997.874","999.88","1002.98","1001.432","999.435","999.022","999.113","999.672","1001.646","999.927"
"1000.24","990.995","1006.823","1001.503","1001.459","1006.055","1000.372","999.801","1000.799","1004.311","999.083","1003.556"
"995.328","1000.016","998.879","1002.336","1003.466","1002.354","1006.042","1000.924","1001.489","1000.899","999.642","996.493"
"1000.596","997.995","1000.929","1003.941","998.674","999.925","1003.757","993.935","1003.27","999.163","1003.362","1001.656"
"996.924","997.189","1000.286","999.523","1003.429","1003.794","1001.532","997.198","1000.313","1005.73","1003.773","1003.005"
"997.298","1002.522","999.012","997.086","1000.172","1004.445","997.921","1000.626","997.868","997.112","997.191","1000.904"
"0.0","0.0","0.0","0.0","0.0","0.0","0.0","0.0","0.0","0.0","0.0","0.0"
"996.743","999.15","1003.191","998.995","1003.188","996.532","1001.355","993.815","999.605","1005.799","996.653","1004.106"
"1001.175","998.406","1001.949","996.518","999.813","998.955","999.975","999.687","997.745","1004.481","1000.439","1000.977"
"0.0","0.0","0.0","0.0","0.0","0.0","0.0","0.0","0.0","0.0","0.0","0.0"
"1002.15","1003.784","999.199","1006.982","999.834","995.672","999.678","1002.01","1001.398","1001.127","1000.549","1003.986"
"996.957","997.788","1003.133","1002.139","1000.402","997.351","1001.998","992.458","1005.569","994.357","993.258","998.097"
"1008.043","999.905","998.021","1002.792","1003.987","1004.95","998.072","996.577","999.275","998.658","998.723","1004.588"
"997.145","1004.664","1000.033","1004.287","999.526","1001.792","1005.414","1005.217","1002.101","999.081","998.752","996.829"
"1000.678","995.176","1001.209","1004.46","996.593","1003.164","1001.241","1001.386","1000.012","1002.166","999.963","999.648"
"1000.584","1005.33","1003.625","1001.383","1001.141","1002.047","999.332","998.391","996.634","1002.501","1001.134","998.687"
"1003.363","997.663","1000.564","1006.234","1003.354","999.958","1001.259","998.076","1003.021","999.719","1000.564","1001.777"
"1000.272","1002.376","996.402","1003.452","996.938","1001.34","1000.194","1004.734","999.471","1002.853","994.187","1000.276"
"1003.361","997.115","999.235","996.295","1000.079","995.223","1001.015","1003.775","999.585","1004.592","1002.823","1001.729"
"1001.974","1002.096","1002.865","995.112","1003.471","1000.03","996.592","999.699","999.614","999.758","999.27","1001.317"
"997.361","1000.223","996.72","998.074","999.52","1001.568","1000.171","999.939","1003.458","1001.285","1004.473","1003.962"
"1001.191","1000.33","1005.324","1002.468","997.091","999.426","995.439","1001.649","1001.502","994.385","998.96","996.73"
"999.1","1002.89","997.536","1002.267","994.247","999.279","998.327","999.601","1003.983","999.933","992.609","1000.349"
"1003.046","1002.131","999.981","999.763","1000.569","1000.158","1003.118","996.075","1003.575","1001.97","1002.73","996.538"
"1001.502","996.452","999.182","1003.717","997.505","1003.445","996.906","1000.549","1004.115","1005.485","1000.821","997.537"
"998.367","1002.27","997.677","1000.579","1001.079","998.74","993.044","993.062","1000.297","1001.005","1004.206","997.146"
"997.034","997.056","997.891","1003.263","998.35","1000.307","999.899","998.179","1004.912","1001.539","999.595","997.877"
"996.994","995.349","1002.376","994.471","1006.207","1001.264","995.597","1001.905","998.748","994.821","997.567","999.839"
"1004.603","1000.386","999.95","998.789","1005.076","1000.192","999.44","1001.301","1001.525","999.774","996.672","996.984"
"1003.602","997.017","1002.216","1003.126","996.383","997.889","993.44","1000.145","1002.457","995.362","998.582","996.736"
"1007.978","997.325","998.895","997.617","998.29","1004.406","999.104","996.172","1005.33","999.773","1000.163","997.462"
"999.391","997.046","999.426","1004.044","1000.234","1000.416","997.493","997.657","998.137","1005.134","999.006","1001.714"
"997.31","1000.484","1001.957","1001.919","999.372","995.156","1003.169","1006.625","999.688","999.871","998.44","1001.455"
"1000.493","1002.239","996.568","997.346","999.484","991.636","990.959","995.384","996.061","995.995","1001.853","1003.799"
"1000.384","1003.383","1001.07","1004.233","1002.909","999.398","992.472","997.351","999.123","1003.768","1010.587","1006.09"
"998.507","1000.17","1000.053","999.038","1002.536","1000.388","1001.245","1007.803","1000.42","1003.013","1005.343","997.266"
"1001.597","999.756","1001.375","999.643","998.435","1001.253","1000.479","995.832","1002.015","1003.131","1004.928","1001.938"
"1001.476","1004.543","995.716","1001.523","1005.288","1000.951","997.666","998.639","1002.638","1002.112","1000.385","998.856"
"998.178","1001.288","997.029","1000.639","999.243","1004.302","999.178","1001.885","1001.164","1000.093","1002.987","995.184"
"998.347","1000.126","1002.393","1003.556","1003.261","998.254","1002.919","1003.941","999.272","1005.469","998.39","998.21"
"1000.545","1004.159","994.191","1002.128","1004.641","997.207","998.135","999.73","999.673","1002.922","1001.9","996.495"
"995.341","1004.328","1001.389","995.865","999.6","1004.228","998.278","998.999","994.494","1002.675","996.371","996.973"
"1002.528","1000.651","1005.642","999.843","1001.181","1000.009","1006.51","1000.284","1002.182","1001.091","1006.487","1001.551"
"1004.989","998.368","1002.904","997.273","1006.065","998.29","1000.559","999.234","1000.186","1001.107","1000.874","998.727"
"997.141","997.771","1004.063","1000.687","1001.691","999.961","1002.712","1005.073","998.383","1001.768","994.242","1001.162"
"997.191","998.732","1001.842","996.787","1003.453","1004.893","993.663","995.144","999.307","1001.572","993.712","994.015"
